status	rc	hash	log_path	benchmark_name
pass	0	66ee30de5236fe0a7f329e13ef006b17fc11526e	/home/Jakob.Gerhardt/CLionProjects/Masterarbeit/llvm/runtime-specialization/benchmarks/reports/20260620_125206-uc-best-benchmark-failures-rerun900/logs/66ee30de5236fe0a7f329e13ef006b17fc11526e.log	BM_g:uc2_conv;n:separable_gaussian;a:tradeoff;s:LARGE;t:specialized_exec;/58
pass	0	3187bf78da0a68e8ed92270452d06213ec23550f	/home/Jakob.Gerhardt/CLionProjects/Masterarbeit/llvm/runtime-specialization/benchmarks/reports/20260620_125206-uc-best-benchmark-failures-rerun900/logs/3187bf78da0a68e8ed92270452d06213ec23550f.log	BM_g:uc2_conv;n:separable_gaussian;a:tradeoff;s:EXTRALARGE;t:specialized_exec;/58
pass	0	d67f8e3a88617de76f409acf0eaeb5beff51e464	/home/Jakob.Gerhardt/CLionProjects/Masterarbeit/llvm/runtime-specialization/benchmarks/reports/20260620_125206-uc-best-benchmark-failures-rerun900/logs/d67f8e3a88617de76f409acf0eaeb5beff51e464.log	BM_g:uc14_sort;n:generic_sort;a:low;s:LARGE;t:unspecialized;/70000000
pass	0	600245be04f0068d8bd1eac6f708ce7146dbb547	/home/Jakob.Gerhardt/CLionProjects/Masterarbeit/llvm/runtime-specialization/benchmarks/reports/20260620_125206-uc-best-benchmark-failures-rerun900/logs/600245be04f0068d8bd1eac6f708ce7146dbb547.log	BM_g:uc14_sort;n:generic_sort;a:low;s:EXTRALARGE;t:unspecialized;/400000000
pass	0	54ee6c22d86a851b1478ccc05ae76002f7918ca3	/home/Jakob.Gerhardt/CLionProjects/Masterarbeit/llvm/runtime-specialization/benchmarks/reports/20260620_125206-uc-best-benchmark-failures-rerun900/logs/54ee6c22d86a851b1478ccc05ae76002f7918ca3.log	BM_g:uc14_sort;n:generic_sort;a:low;s:EXTRALARGE;t:specialized_exec;/400000000
pass	0	4aea48f626d102a39f61f917a1e2f808872b5940	/home/Jakob.Gerhardt/CLionProjects/Masterarbeit/llvm/runtime-specialization/benchmarks/reports/20260620_125206-uc-best-benchmark-failures-rerun900/logs/4aea48f626d102a39f61f917a1e2f808872b5940.log	BM_g:uc14_sort;n:generic_sort;a:tradeoff;s:LARGE;t:unspecialized;/70000000
pass	0	0d22151be65fe2dd476cd74378ed6cb797c87277	/home/Jakob.Gerhardt/CLionProjects/Masterarbeit/llvm/runtime-specialization/benchmarks/reports/20260620_125206-uc-best-benchmark-failures-rerun900/logs/0d22151be65fe2dd476cd74378ed6cb797c87277.log	BM_g:uc14_sort;n:generic_sort;a:tradeoff;s:EXTRALARGE;t:unspecialized;/400000000
pass	0	f5060173aa6965abeb2b8e1047e5c4895f0ebb52	/home/Jakob.Gerhardt/CLionProjects/Masterarbeit/llvm/runtime-specialization/benchmarks/reports/20260620_125206-uc-best-benchmark-failures-rerun900/logs/f5060173aa6965abeb2b8e1047e5c4895f0ebb52.log	BM_g:uc14_sort;n:generic_sort;a:tradeoff;s:EXTRALARGE;t:specialized_exec;/400000000
pass	0	a414a8a4469404c5e7686541be7ce476f9ee0180	/home/Jakob.Gerhardt/CLionProjects/Masterarbeit/llvm/runtime-specialization/benchmarks/reports/20260620_125206-uc-best-benchmark-failures-rerun900/logs/a414a8a4469404c5e7686541be7ce476f9ee0180.log	BM_g:uc14_sort;n:generic_sort;a:abstract;s:LARGE;t:unspecialized;/70000000
pass	0	64967195175b1eb703117d1741f647585e9fae21	/home/Jakob.Gerhardt/CLionProjects/Masterarbeit/llvm/runtime-specialization/benchmarks/reports/20260620_125206-uc-best-benchmark-failures-rerun900/logs/64967195175b1eb703117d1741f647585e9fae21.log	BM_g:uc14_sort;n:generic_sort;a:abstract;s:EXTRALARGE;t:unspecialized;/400000000
pass	0	df65c9ad705b519121c066c56919ad118344c329	/home/Jakob.Gerhardt/CLionProjects/Masterarbeit/llvm/runtime-specialization/benchmarks/reports/20260620_125206-uc-best-benchmark-failures-rerun900/logs/df65c9ad705b519121c066c56919ad118344c329.log	BM_g:uc14_sort;n:generic_sort;a:abstract;s:EXTRALARGE;t:specialized_exec;/400000000
pass	0	78935ce9082ee5cda7867037e8390ec21bd980f3	/home/Jakob.Gerhardt/CLionProjects/Masterarbeit/llvm/runtime-specialization/benchmarks/reports/20260620_125206-uc-best-benchmark-failures-rerun900/logs/78935ce9082ee5cda7867037e8390ec21bd980f3.log	BM_g:uc14_sort;n:struct_sort;a:low;s:EXTRALARGE;t:unspecialized;/250000000
pass	0	d704dbabfa748f66dd09aad4e51373336f810863	/home/Jakob.Gerhardt/CLionProjects/Masterarbeit/llvm/runtime-specialization/benchmarks/reports/20260620_125206-uc-best-benchmark-failures-rerun900/logs/d704dbabfa748f66dd09aad4e51373336f810863.log	BM_g:uc14_sort;n:struct_sort;a:low;s:EXTRALARGE;t:specialized_exec;/250000000
pass	0	bcf0e515762e53717f70947eb305b89de946964f	/home/Jakob.Gerhardt/CLionProjects/Masterarbeit/llvm/runtime-specialization/benchmarks/reports/20260620_125206-uc-best-benchmark-failures-rerun900/logs/bcf0e515762e53717f70947eb305b89de946964f.log	BM_g:uc14_sort;n:struct_sort;a:tradeoff;s:EXTRALARGE;t:unspecialized;/250000000
pass	0	bc4c47fd5bcdb003d2b6ea3c67e8b9cb0776a4d8	/home/Jakob.Gerhardt/CLionProjects/Masterarbeit/llvm/runtime-specialization/benchmarks/reports/20260620_125206-uc-best-benchmark-failures-rerun900/logs/bc4c47fd5bcdb003d2b6ea3c67e8b9cb0776a4d8.log	BM_g:uc14_sort;n:struct_sort;a:tradeoff;s:EXTRALARGE;t:specialized_exec;/250000000
pass	0	1ef511e9715a688a27f5916729203f19451ac848	/home/Jakob.Gerhardt/CLionProjects/Masterarbeit/llvm/runtime-specialization/benchmarks/reports/20260620_125206-uc-best-benchmark-failures-rerun900/logs/1ef511e9715a688a27f5916729203f19451ac848.log	BM_g:uc14_sort;n:struct_sort;a:abstract;s:EXTRALARGE;t:unspecialized;/250000000
pass	0	3458d5b136e96a7a86fc334e7eef50422ee61609	/home/Jakob.Gerhardt/CLionProjects/Masterarbeit/llvm/runtime-specialization/benchmarks/reports/20260620_125206-uc-best-benchmark-failures-rerun900/logs/3458d5b136e96a7a86fc334e7eef50422ee61609.log	BM_g:uc14_sort;n:struct_sort;a:abstract;s:EXTRALARGE;t:specialized_exec;/250000000
pass	0	d6b1173d9aed303ec763e82078b09006b481f165	/home/Jakob.Gerhardt/CLionProjects/Masterarbeit/llvm/runtime-specialization/benchmarks/reports/20260620_125206-uc-best-benchmark-failures-rerun900/logs/d6b1173d9aed303ec763e82078b09006b481f165.log	BM_g:uc14_sort;n:multi_key_sort;a:low;s:EXTRALARGE;t:unspecialized;/250000000
pass	0	8dc269adca51429f5a84cea742f20878f3f6ca94	/home/Jakob.Gerhardt/CLionProjects/Masterarbeit/llvm/runtime-specialization/benchmarks/reports/20260620_125206-uc-best-benchmark-failures-rerun900/logs/8dc269adca51429f5a84cea742f20878f3f6ca94.log	BM_g:uc14_sort;n:multi_key_sort;a:low;s:EXTRALARGE;t:specialized_exec;/250000000
pass	0	71f65285788bcc6a0ee430943e6252a621d382b8	/home/Jakob.Gerhardt/CLionProjects/Masterarbeit/llvm/runtime-specialization/benchmarks/reports/20260620_125206-uc-best-benchmark-failures-rerun900/logs/71f65285788bcc6a0ee430943e6252a621d382b8.log	BM_g:uc14_sort;n:multi_key_sort;a:tradeoff;s:EXTRALARGE;t:unspecialized;/250000000
pass	0	1f17ae221d44d68219b17aa4f3d68eff7d9d5654	/home/Jakob.Gerhardt/CLionProjects/Masterarbeit/llvm/runtime-specialization/benchmarks/reports/20260620_125206-uc-best-benchmark-failures-rerun900/logs/1f17ae221d44d68219b17aa4f3d68eff7d9d5654.log	BM_g:uc14_sort;n:multi_key_sort;a:tradeoff;s:EXTRALARGE;t:specialized_exec;/250000000
pass	0	1a801882ca34d91fa3b453fa3075b25b30b4ffde	/home/Jakob.Gerhardt/CLionProjects/Masterarbeit/llvm/runtime-specialization/benchmarks/reports/20260620_125206-uc-best-benchmark-failures-rerun900/logs/1a801882ca34d91fa3b453fa3075b25b30b4ffde.log	BM_g:uc14_sort;n:multi_key_sort;a:abstract;s:EXTRALARGE;t:unspecialized;/250000000
pass	0	cfcc8d2b1757ca037bdd353f4db597b9ca69d155	/home/Jakob.Gerhardt/CLionProjects/Masterarbeit/llvm/runtime-specialization/benchmarks/reports/20260620_125206-uc-best-benchmark-failures-rerun900/logs/cfcc8d2b1757ca037bdd353f4db597b9ca69d155.log	BM_g:uc14_sort;n:multi_key_sort;a:abstract;s:EXTRALARGE;t:specialized_exec;/250000000
